Workbook

Sheet Orders
A1: OrderID | B1: CustomerID | C1: ProductID | D1: Quantity | E1: OrderDate | F1: Customer Name | G1: Product Name | H1: Category | I1: Unit Price | J1: TotalSales
A2: O001 | B2: C019 | C2: P019 | D2: 2 | E2: 45817 | F2: =VLOOKUP(B2,Customers!A:B,2,FALSE) -> Arjun Sharma | G2: =VLOOKUP(C2,Products!A:B,2,FALSE) -> Laptop | H2: =VLOOKUP(C2,Products!A:C,3,FALSE) -> Electronics | I2: =VLOOKUP(C2,Products!A:D,4,FALSE) -> 62520 | J2: =D2*I2 -> 125040
A3: O002 | B3: C044 | C3: P009 | D3: 3 | E3: 45741 | F3: =VLOOKUP(B3,Customers!A:B,2,FALSE) -> Priya Verma | G3: =VLOOKUP(C3,Products!A:B,2,FALSE) -> Phone | H3: =VLOOKUP(C3,Products!A:C,3,FALSE) -> Electronics | I3: =VLOOKUP(C3,Products!A:D,4,FALSE) -> 59549 | J3: =D3*I3 -> 178647
A4: O003 | B4: C048 | C4: P016 | D4: 3 | E4: 45834 | F4: =VLOOKUP(B4,Customers!A:B,2,FALSE) -> Rahul mann | G4: =VLOOKUP(C4,Products!A:B,2,FALSE) -> Headphones | H4: =VLOOKUP(C4,Products!A:C,3,FALSE) -> Accessories | I4: =VLOOKUP(C4,Products!A:D,4,FALSE) -> 2760 | J4: =D4*I4 -> 8280
A5: O004 | B5: C014 | C5: P002 | D5: 2 | E5: 45831 | F5: =VLOOKUP(B5,Customers!A:B,2,FALSE) -> John Smith | G5: =VLOOKUP(C5,Products!A:B,2,FALSE) -> Mouse | H5: =VLOOKUP(C5,Products!A:C,3,FALSE) -> Accessories | I5: =VLOOKUP(C5,Products!A:D,4,FALSE) -> 3649 | J5: =D5*I5 -> 7298
A6: O005 | B6: C003 | C6: P006 | D6: 3 | E6: 45728 | F6: =VLOOKUP(B6,Customers!A:B,2,FALSE) -> Sara Khan | G6: =VLOOKUP(C6,Products!A:B,2,FALSE) -> Keyboard | H6: =VLOOKUP(C6,Products!A:C,3,FALSE) -> Accessories | I6: =VLOOKUP(C6,Products!A:D,4,FALSE) -> 2426 | J6: =D6*I6 -> 7278
A7: O006 | B7: C021 | C7: P009 | D7: 4 | E7: 45661 | F7: =VLOOKUP(B7,Customers!A:B,2,FALSE) -> Neha Kumari | G7: =VLOOKUP(C7,Products!A:B,2,FALSE) -> Phone | H7: =VLOOKUP(C7,Products!A:C,3,FALSE) -> Electronics | I7: =VLOOKUP(C7,Products!A:D,4,FALSE) -> 59549 | J7: =D7*I7 -> 238196
A8: O007 | B8: C001 | C8: P008 | D8: 2 | E8: 45743 | F8: =VLOOKUP(B8,Customers!A:B,2,FALSE) -> David sun | G8: =VLOOKUP(C8,Products!A:B,2,FALSE) -> Charger | H8: =VLOOKUP(C8,Products!A:C,3,FALSE) -> Accessories | I8: =VLOOKUP(C8,Products!A:D,4,FALSE) -> 586 | J8: =D8*I8 -> 1172
A9: O008 | B9: C021 | C9: P001 | D9: 3 | E9: 45676 | F9: =VLOOKUP(B9,Customers!A:B,2,FALSE) -> Neha Kumari | G9: =VLOOKUP(C9,Products!A:B,2,FALSE) -> Monitor | H9: =VLOOKUP(C9,Products!A:C,3,FALSE) -> Electronics | I9: =VLOOKUP(C9,Products!A:D,4,FALSE) -> 63079 | J9: =D9*I9 -> 189237
A10: O009 | B10: C031 | C10: P002 | D10: 2 | E10: 45708 | F10: =VLOOKUP(B10,Customers!A:B,2,FALSE) -> Vikram Roy | G10: =VLOOKUP(C10,Products!A:B,2,FALSE) -> Mouse | H10: =VLOOKUP(C10,Products!A:C,3,FALSE) -> Accessories | I10: =VLOOKUP(C10,Products!A:D,4,FALSE) -> 3649 | J10: =D10*I10 -> 7298
A11: O010 | B11: C014 | C11: P003 | D11: 2 | E11: 45702 | F11: =VLOOKUP(B11,Customers!A:B,2,FALSE) -> John Smith | G11: =VLOOKUP(C11,Products!A:B,2,FALSE) -> Smartwatch | H11: =VLOOKUP(C11,Products!A:C,3,FALSE) -> Electronics | I11: =VLOOKUP(C11,Products!A:D,4,FALSE) -> 49383 | J11: =D11*I11 -> 98766
A12: O011 | B12: C007 | C12: P006 | D12: 2 | E12: 45741 | F12: =VLOOKUP(B12,Customers!A:B,2,FALSE) -> Arjun Sharma | G12: =VLOOKUP(C12,Products!A:B,2,FALSE) -> Keyboard | H12: =VLOOKUP(C12,Products!A:C,3,FALSE) -> Accessories | I12: =VLOOKUP(C12,Products!A:D,4,FALSE) -> 2426 | J12: =D12*I12 -> 4852
A13: O012 | B13: C050 | C13: P010 | D13: 1 | E13: 45764 | F13: =VLOOKUP(B13,Customers!A:B,2,FALSE) -> Priya Verma | G13: =VLOOKUP(C13,Products!A:B,2,FALSE) -> Phone | H13: =VLOOKUP(C13,Products!A:C,3,FALSE) -> Electronics | I13: =VLOOKUP(C13,Products!A:D,4,FALSE) -> 50972 | J13: =D13*I13 -> 50972
... A301: O300 | B301: C043 | C301: P012 | D301: 5 | E301: 45803 | F301: =VLOOKUP(B301,Customers!A:B,2,FALSE) -> Meera | G301: =VLOOKUP(C301,Products!A:B,2,FALSE) -> Tablet | H301: =VLOOKUP(C301,Products!A:C,3,FALSE) -> Electronics | I301: =VLOOKUP(C301,Products!A:D,4,FALSE) -> 45245 | J301: =D301*I301 -> 226225

Sheet Customers
A1: CustomerID | B1: Customer Name | Z1: Arjun Sharma
A2: C019 | B2: Arjun Sharma | Z2: Priya Verma
A3: C044 | B3: Priya Verma | Z3: Rahul mann
A4: C048 | B4: Rahul mann | Z4: John Smith
A5: C014 | B5: John Smith | Z5: Sara Khan
A6: C003 | B6: Sara Khan | Z6: Neha Kumari
A7: C021 | B7: Neha Kumari | Z7: David sun
A8: C001 | B8: David sun | Z8: Aisha Malhotra
A9: C021 | B9: Aisha Malhotra | Z9: Vikram Roy
A10: C031 | B10: Vikram Roy | Z10: Meera
A11: C014 | B11: Meera
A12: C007 | B12: Arjun Sharma
A13: C050 | B13: Priya Verma
A14: C015 | B14: Rahul mann
A15: C001 | B15: John Smith
A16: C009 | B16: Sara Khan
A17: C028 | B17: Neha Kumari
A18: C005 | B18: David sun
A19: C046 | B19: Aisha Malhotra
A20: C007 | B20: Vikram Roy
A21: C031 | B21: Meera
A22: C021 | B22: Arjun Sharma
... A301: C043 | B301: Meera
B302: Arjun Sharma

Sheet Products
A1: ProductID | B1: Product Name | C1: Category | D1: Unit Price
A2: P019 | B2: Laptop | C2: Electronics | D2: 62520
A3: P009 | B3: Phone | C3: Electronics | D3: 59549
A4: P016 | B4: Headphones | C4: Accessories | D4: 2760
A5: P002 | B5: Mouse | C5: Accessories | D5: 3649
A6: P006 | B6: Keyboard | C6: Accessories | D6: 2426
A7: P009 | B7: Tablet | C7: Electronics | D7: 18669
A8: P008 | B8: Charger | C8: Accessories | D8: 586
A9: P001 | B9: Monitor | C9: Electronics | D9: 63079
A10: P002 | B10: Speaker | C10: Accessories | D10: 2131
A11: P003 | B11: Smartwatch | C11: Electronics | D11: 49383
A12: P006 | B12: Laptop | C12: Electronics | D12: 18901
A13: P010 | B13: Phone | C13: Electronics | D13: 50972
... A301: P012 | B301: Smartwatch | C301: Electronics | D301: 69183

Sheet TotalSales by Product

Sheet Sales by Month

Sheet Sales by Category

Sheet Dashboard
A1: Total Revenue | B1: Total Orders | C1: Average Order Value
A2: =SUM(Orders!J:J) -> 28882303 | B2: =COUNT(Orders!A:A)-1 -> -1 | C2: =AVERAGE(Orders!J:J) -> 96274.343
A18: insights
A19: Tablet is the highest revenue product.
A20: April recorded the highest sales peak.
A21: Electronics generated most total revenue.
